{
    "BC": {
        "Stokes": {
            "DeltaL": 1.0,
            "Sandbox_NoSlipWall": false,
            "Sandbox_TopSeg00": 0.0,
            "Sandbox_TopSeg01": 0.0,
            "SetupType": "CornerFlow",
            "backStrainRate": -9.147055379932094e-15,
            "refValue": 1.5854895991882295e-09
        },
        "Thermal": {
            "DeltaL": 1.0,
            "SetupType": "TT_TB_LRNoFlux",
            "TB": 1573.0,
            "TT": 273.0,
            "refValue": 1.0
        }
    },
    "Char": {
        "length": 173333.3333333333,
        "mass": 1.3452910802882372e+42,
        "temperature": 923.0,
        "time": 109324799999999.97
    },
    "Description": "",
    "Geometry": {
        "00000_line": {
            "a": 0.0,
            "b": -0.0,
            "condition": "<",
            "definedFor": "y",
            "max": 256666.66666666666,
            "min": -90000.0,
            "phase": 2
        },
        "00001_line": {
            "a": 0.0,
            "b": -5000.0,
            "condition": "<",
            "definedFor": "y",
            "max": 50555.55555555555,
            "min": -90000.0,
            "phase": 1
        },
        "00002_line": {
            "a": 0.0,
            "b": -6000.0,
            "condition": "<",
            "definedFor": "y",
            "max": 256666.66666666666,
            "min": 50555.55555555555,
            "phase": 1
        },
        "00003_line": {
            "a": -0.4,
            "b": -0.0,
            "condition": ">",
            "definedFor": "y",
            "max": 50555.55555555555,
            "min": 25555.555555555547,
            "phase": 2
        },
        "00004_line": {
            "a": 0.8,
            "b": -6250.0,
            "condition": ">",
            "definedFor": "y",
            "max": 63055.55555555555,
            "min": 50555.55555555555,
            "phase": 2
        },
        "00005_line": {
            "a": 0.0,
            "b": -0.0,
            "condition": ">",
            "definedFor": "y",
            "max": 256666.66666666666,
            "min": -90000.0,
            "phase": 0
        }
    },
    "Grid": {
        "fixedBox": true,
        "nxC": 704.0,
        "nyC": 256.0,
        "xmax": 256666.66666666666,
        "xmin": -90000.0,
        "ymax": 10000.0,
        "ymin": -83333.33333333333
    },
    "IC": {
        "Darcy": {
            "A0type": "Gaussian",
            "Amp": 0.0,
            "background": 0.0,
            "noise": 0.0,
            "wx": 21666.666666666664,
            "wy": 21666.666666666664,
            "xc": 83333.33333333331,
            "yc": -36666.666666666664
        },
        "Thermal": {
            "A0type": "HSC",
            "Tm": 1573.0,
            "age": 788400000000000.0,
            "noise": 0.0
        }
    },
    "MatProps": {
        "0": {
            "G": 1e+20,
            "alpha": 0.0,
            "beta": 0.0,
            "cohesion": 1000000.0,
            "frictionAngle": 0.5235987755982988,
            "isAir": true,
            "isRef": false,
            "isWater": false,
            "k": 750000.0,
            "material": "StickyAir",
            "name": "StickyAir",
            "perm0": 1e-06,
            "phiIni": 0.9,
            "rho0": 1000.0,
            "vDiff": {
                "A": 7.042948651655339e-20,
                "B": 7.042948651655339e-20,
                "C_OH_0": 1.0,
                "E": 0.0,
                "MPa": false,
                "V": 0.0,
                "d0": 1.0,
                "flowLaw": "Default",
                "isActive": true,
                "p": 0.0,
                "r": 0.0,
                "tensorCorrection": "None"
            },
            "vDisl": {
                "A": 0.5,
                "B": 0.5,
                "C_OH_0": 1.0,
                "E": 0.0,
                "MPa": false,
                "V": 0.0,
                "flowLaw": "Off",
                "isActive": false,
                "n": 1.0,
                "r": 0.0,
                "tensorCorrection": "None"
            },
            "vPei": {
                "B": 1.0,
                "E": 0.0,
                "V": 0.0,
                "flowLaw": "Off",
                "gamma": 1,
                "isActive": false,
                "q": 1,
                "tau": 1
            }
        },
        "1": {
            "G": 10000000000.0,
            "alpha": 1e-05,
            "beta": 1e-11,
            "cohesion": 25000000.0,
            "frictionAngle": 0.5235987755982988,
            "isAir": false,
            "isRef": true,
            "isWater": false,
            "k": 3.0,
            "material": "Dry_Olivine",
            "name": "Mantle",
            "perm0": 1e-08,
            "phiIni": 1e-05,
            "rho0": 3300,
            "vDiff": {
                "A": 1500.0,
                "B": 1.5e-09,
                "C_OH_0": 1,
                "E": 375000.0,
                "MPa": true,
                "V": 5e-06,
                "d0": 10000.0,
                "flowLaw": "Dry_Olivine_diff_creep-Hirth_Kohlstedt_2003",
                "isActive": true,
                "p": 3,
                "r": 0,
                "tensorCorrection": "SimpleShear"
            },
            "vDisl": {
                "A": 2.4999999999999996e-17,
                "B": 1.4805832645715536e-16,
                "C_OH_0": 1,
                "E": 532000.0,
                "MPa": true,
                "V": 1.7e-05,
                "flowLaw": "Dry_Olivine-Ranalli_1995",
                "isActive": true,
                "n": 3.5,
                "r": 0,
                "tensorCorrection": "UniAxial"
            },
            "vPei": {
                "B": 570000000000.0,
                "E": 540000.0,
                "V": 0.0,
                "flowLaw": "Olivine_Peierls-Kameyama_1999",
                "gamma": 0.1,
                "isActive": false,
                "q": 2,
                "tau": 8500000000.0
            }
        },
        "2": {
            "G": 100000000.0,
            "alpha": 1e-05,
            "beta": 1e-11,
            "cohesion": 5000000.0,
            "frictionAngle": 0.5235987755982988,
            "isAir": false,
            "isRef": false,
            "isWater": false,
            "k": 3.0,
            "material": "Quartzite",
            "name": "Sediment",
            "perm0": 1e-08,
            "phiIni": 0.05,
            "rho0": 2800,
            "vDiff": {
                "A": 0.5,
                "B": 0.5,
                "C_OH_0": 1.0,
                "E": 0.0,
                "MPa": false,
                "V": 0.0,
                "d0": 1.0,
                "flowLaw": "Off",
                "isActive": false,
                "p": 0.0,
                "r": 0.0,
                "tensorCorrection": "None"
            },
            "vDisl": {
                "A": 2.667318042708435e-20,
                "B": 8.632785301010925e-20,
                "C_OH_0": 1,
                "E": 156000.0,
                "MPa": true,
                "V": 0,
                "flowLaw": "Quarzite-Ranalli_1995",
                "isActive": true,
                "n": 2.4,
                "r": 0,
                "tensorCorrection": "UniAxial"
            },
            "vPei": {
                "B": 1.0,
                "E": 0.0,
                "V": 0.0,
                "flowLaw": "Off",
                "gamma": 1,
                "isActive": false,
                "q": 1,
                "tau": 1
            }
        }
    },
    "Numerics": {
        "CFL_fac_Darcy": 0.8,
        "CFL_fac_Stokes": 0.6,
        "CFL_fac_Thermal": 10.0,
        "absoluteTolerance": 1e-06,
        "dtAlphaCorr": 0.5,
        "dtMax": 1e+100,
        "dtMaxwellFac_EP_ov_E": 0.5,
        "dtMaxwellFac_VP_ov_E": 0.0,
        "dtMaxwellFac_VP_ov_EP": 0.5,
        "dtMin": 0.0,
        "dtVep": 186349090909.09088,
        "etaMax": 1000000.0,
        "etaMin": 1e-08,