{
    "BC": {
        "Stokes": {
            "DeltaL": 1.0,
            "SetupType": "PureShear",
            "backStrainRate": -7.046620440836575e-15,
            "refValue": 3.170979198376459e-09
        },
        "Thermal": {
            "DeltaL": 1.0,
            "SetupType": "TT_TB_LRNoFlux",
            "TB": 1573.0,
            "TT": 273.0,
            "refValue": 1.0
        }
    },
    "Char": {
        "length": 450000.0,
        "mass": 5.4623054665023316e+42,
        "temperature": 923.0,
        "time": 141911999999999.97
    },
    "Description": "",
    "Geometry": {
        "00000_line": {
            "a": 0.0,
            "b": -0.0,
            "condition": "<",
            "definedFor": "y",
            "max": 450000.0,
            "min": -450000.0,
            "phase": 2
        },
        "00001_line": {
            "a": 0.0,
            "b": -4000.0,
            "condition": "<",
            "definedFor": "y",
            "max": 450000.0,
            "min": -450000.0,
            "phase": 1
        },
        "00002_line": {
            "a": -0.5,
            "b": -0.0,
            "condition": ">",
            "definedFor": "y",
            "max": 25000.0,
            "min": 0.0,
            "phase": 0
        }
    },
    "Grid": {
        "fixedBox": true,
        "nxC": 1024,
        "nyC": 512,
        "xmax": 450000.0,
        "xmin": -450000.0,
        "ymax": 20000.0,
        "ymin": -430000.0
    },
    "IC": {
        "Darcy": {
            "A0type": "Gaussian",
            "Amp": 0.0,
            "background": 0.0,
            "noise": 0.0,
            "wx": 56250.0,
            "wy": 56250.0,
            "xc": 0.0,
            "yc": -205000.0
        },
        "Thermal": {
            "A0type": "HSC",
            "Tm": 1573.0,
            "age": 2522880000000000.0,
            "noise": 0.0
        }
    },
    "MatProps": {
        "0": {
            "G": 1e+20,
            "alpha": 0.0,
            "beta": 0.0,
            "cohesion": 50000000.0,
            "frictionAngle": 0.5235987755982988,
            "isAir": true,
            "isRef": false,
            "isWater": false,
            "k": 750000.0,
            "material": "StickyAir",
            "name": "StickyAir",
            "perm0": 1e-07,
            "phiIni": 0.9,
            "rho0": 1000.0,
            "vDiff": {
                "A": 5.845553712770627e-21,
                "B": 5.845553712770627e-21,
                "C_OH_0": 1.0,
                "E": 0.0,
                "MPa": false,
                "V": 0.0,
                "d0": 1.0,
                "flowLaw": "Default",
                "isActive": true,
                "p": 0.0,
                "r": 0.0,
                "tensorCorrection": "None"
            },
            "vDisl": {
                "A": 0.5,
                "B": 0.5,
                "C_OH_0": 1.0,
                "E": 0.0,
                "MPa": false,
                "V": 0.0,
                "flowLaw": "Off",
                "isActive": false,
                "n": 1.0,
                "r": 0.0,
                "tensorCorrection": "None"
            },
            "vPei": {
                "B": 1.0,
                "E": 0.0,
                "V": 0.0,
                "flowLaw": "Off",
                "gamma": 1,
                "isActive": false,
                "q": 1,
                "tau": 1
            }
        },
        "1": {
            "G": 100000000000.0,
            "alpha": 1e-05,
            "beta": 1e-11,
            "cohesion": 50000000.0,
            "frictionAngle": 0.5235987755982988,
            "isAir": false,
            "isRef": true,
            "isWater": false,
            "k": 3.0,
            "material": "Dry_Olivine",
            "name": "Mantle",
            "perm0": 1e-07,
            "phiIni": 1e-05,
            "rho0": 3300,
            "vDiff": {
                "A": 1500.0,
                "B": 1.5e-09,
                "C_OH_0": 1,
                "E": 375000.0,
                "MPa": true,
                "V": 5e-06,
                "d0": 10000.0,
                "flowLaw": "Dry_Olivine_diff_creep-Hirth_Kohlstedt_2003",
                "isActive": true,
                "p": 3,
                "r": 0,
                "tensorCorrection": "SimpleShear"
            },
            "vDisl": {
                "A": 2.4999999999999996e-17,
                "B": 1.4805832645715536e-16,
                "C_OH_0": 1,
                "E": 532000.0,
                "MPa": true,
                "V": 1.7e-05,
                "flowLaw": "Dry_Olivine-Ranalli_1995",
                "isActive": true,
                "n": 3.5,
                "r": 0,
                "tensorCorrection": "UniAxial"
            },
            "vPei": {
                "B": 570000000000.0,
                "E": 540000.0,
                "V": 0.0,
                "flowLaw": "Olivine_Peierls-Kameyama_1999",
                "gamma": 0.1,
                "isActive": false,
                "q": 2,
                "tau": 8500000000.0
            }
        },
        "2": {
            "G": 100000000000.0,
            "alpha": 1e-05,
            "beta": 1e-11,
            "cohesion": 10000000.0,
            "frictionAngle": 0.5235987755982988,
            "isAir": false,
            "isRef": false,
            "isWater": false,
            "k": 3.0,
            "material": "Wet_Quartzite",
            "name": "Sediment",
            "perm0": 1e-07,
            "phiIni": 0.15,
            "rho0": 2800,
            "vDiff": {
                "A": 0.5,
                "B": 0.5,
                "C_OH_0": 1.0,
                "E": 0.0,
                "MPa": false,
                "V": 0.0,
                "d0": 1.0,
                "flowLaw": "Off",
                "isActive": false,
                "p": 0.0,
                "r": 0.0,
                "tensorCorrection": "None"
            },
            "vDisl": {
                "A": 5.011872336272735e-18,
                "B": 1.5353948325164525e-17,
                "C_OH_0": 1,
                "E": 154000.0,
                "MPa": true,
                "V": 0,
                "flowLaw": "Wet_Quarzite-Ueda_et_al_2008",
                "isActive": true,
                "n": 2.3,
                "r": 0,
                "tensorCorrection": "UniAxial"
            },
            "vPei": {
                "B": 1.0,
                "E": 0.0,
                "V": 0.0,
                "flowLaw": "Off",
                "gamma": 1,
                "isActive": false,
                "q": 1,
                "tau": 1
            }
        }
    },
    "Numerics": {
        "CFL_fac_Darcy": 0.3,
        "CFL_fac_Stokes": 0.3,
        "CFL_fac_Thermal": 1.0,
        "absoluteTolerance": 0.0001,
        "dtMax": 1e+100,
        "dtMin": 0.0,
        "etaMax": 1000000.0,
        "etaMin": 1e-06,
        "maxCorrection": 1.0,
        "maxNonLinearIter": 15,
        "minNonLinearIter": 1,
        "nLineSearch": 4,
        "nTimeSteps": 10000,
        "phiCrit": 0.0001,
        "phiMax": 0.8,
        "phiMin": 1e-05,
        "relativeTolerance": 3e-05,
        "stickyAirSwitchPassiveTo": 0,
        "stickyAirSwitchPhaseTo": 2,
        "stickyAirSwitchingDepth": -20000.0,
        "stickyAirTimeSwitchPassive": 7884000000000.0,
        "use_dtMaxwellLimit": true
    },
    "Particles": {
        "maxPartPerCellFactor": 3.0,
        "minPartPerCellFactor": 0.2,
        "nPCX": 4,
        "nPCY": 4,
        "noiseFactor": 0.1,
        "passiveDx": 56250.0,
        "passiveDy": 56250.0,
        "passiveGeom": "Grid"
    },
    "Physics": {
        "Cp": 1000.0,
        "eta_f": 100.0,
        "gx": 0.0,
        "gy": -9.81,
        "rho_f": 1000.0,
        "y_oceanSurface": 0.0
    },
    "Visu": {
        "alphaOnValue": false,
        "colorMap": {
            "CompactionPressure": {
                "A0number": 11,
                "center": 0.0,
                "colorMap": "Default",
                "colorMapRes": 0,